Keyword,VendorName,VendorNo
"24/7 HIRE","24/7 HIRE",96026295
"ACFSMST","ACFSMST",96016819
"Allyma","Allyma",96023246
"AOT","AOT",96023196
"ATT LOGISTICS","ATT LOGISTICS",80941001
"AURIZONMST","AURIZONMST",96014624
"BARNES","BARNES",96025588
"BEAUREPAIRES/GOODYEAR","BEAUREPAIRES/GOODYEAR",96022089
"BLENNERS","BLENNERS",96014027
"BMR LOGISTICS","BMR LOGISTICS",96032263
"BP AUSTRALIA","BP AUSTRALIA",96029099
"BRIDGESTONE","BRIDGESTONE",50942001
"CANNON LOGISTICS","CANNON LOGISTICS",96011764
"CARYBRISF","CARYBRISF",37960001
"Centurion","Centurion",41368001
"CHEP","CHEP",96009502
"CMV Truck and Bus","CMV Truck and Bus",41975001
"CNL","CNL",96026434
"CORETEX","CORETEX",81308001
"CORPORATE EXPRESS","CORPORATE EXPRESS",65120009
"CRESTLAKE","CRESTLAKE",96011750
"CUSTOM TROLLEYS","CUSTOM TROLLEYS",96019653
"DAYSWORTH","DAYSWORTH",50354004
"EXODAS","EXODAS",96033577
"FARRAGQSF","FARRAGQSF",96026011
"FASTSIGNS","FASTSIGNS",96018306
"FIRST CHOICE","FIRST CHOICE",96021601
"FLEET PARTNERS","FLEET PARTNERS",54570001
"FLEETMARK","FLEETMARK",96005749
"FLYNNMST","FLYNNMST",78989001
"FLYNNSF","FLYNNSF",78989001
"FOXQLDSF","FOXQLDSF",38015001
"GAVAN PRODUCTS","GAVAN PRODUCTS",96002440
"GTSSF","GTSSF",77606001
"HARCOR SERCURITY","HARCOR SERCURITY",48302001
"HAWKINSQSF","HAWKINSQSF",96032113
"IMARDA","IMARDA",81308001
"JATEC","JATEC",96013170
"JTL TRANSPORT","JTL TRANSPORT",96023198
"Lindsay","Lindsay",34814001
"MANSELLQSF","MANSELLQSF",96028691
"MAXWELL TRANSPORT","MAXWELL TRANSPORT",69474001
"METTLER - TOLEDO","METTLER - TOLEDO",44741001
"MILLENIUM","MILLENIUM",96023237
"MINI TANKERS","MINI TANKERS",52505003
"MYSTGOSF","MYSTGOSF",96030349
"NOLANSF","NOLANSF",79294001
"NOLANSMST","NOLANSMST",79294001
"PACIFICNATFNQ","PACIFICNATFNQ",96033915
"Paris Brigitte Desgranges","Paris Brigitte Desgranges",96019273
"PEAJVTSF","PEAJVTSF",55696001
"PERKWSF","PERKWSF",35166001
"QUBE LOGISTICS","QUBE LOGISTICS",96001371
"QUBE TUG","QUBE TUG",96004739
"REFUELLING SOLUTIONS","REFUELLING SOLUTIONS",52505003
"RENTCO","RENTCO",96009789
"RICHERSF","RICHERSF",96002439
"ROCKY'S OWN","ROCKY'S OWN",96023197
"RONFINSF","RONFINSF",43373001
"SCANIA","SCANIA",96008342
"SCT","SCT",96032060
"SEASF","SEASF",96017016
"SECURE A LOAD","SECURE A LOAD",96002440
"SILVERBACK","SILVERBACK",96010434
"SILVERBACK CARGO","SILVERBACK CARGO",96010434
"SRT Logistics Pty Ltd","SRT Logistics Pty Ltd",61323001
"Sunstate Group QLD","Sunstate Group QLD",96021108
"SUPERIOR SHINE","SUPERIOR SHINE",96005801
"SWIRES","SWIRES",36596001
"Team Transport & Logistics","Team Transport & Logistics",78112001
"TGEFNQ","TGEFNQ",96031078
"THOR","THOR",96019700
"TOLL EDWARDS","TOLL EDWARDS",61019001
"TOLL SPD","TOLL SPD",53784001
"TOLLMST","TOLLMST",56233001
"TOLNTQSF","TOLNTQSF",96031059
"WICKHAMS","WICKHAMS",77744001
"ZAC PAC","ZAC PAC",96014215
